<?xml version="1.0" ?>
<p:task xmlns:e="urn:graja:extendproforma:v2.0.0" xmlns:p="urn:proforma:v2.0.1" xmlns:u="urn:proforma:tests:unittest:v1.1" uuid="beb23011-b344-48ff-a056-3c1d9af511ce" lang="en">
  <p:title>Units</p:title>
  <p:description><![CDATA[
<p>Write a method <code>§(method)§</code> in the class <code>§(class)§</code> that converts a §(unit_a)§ to a §(unit_b)§ value.</p>
<p>§(#comment)§ Include javadoc comments with your methods. §(/comment)§</p>
<p>You should base your work on the prepared code template <code>§(class)§.java</code>.</p>
]]></p:description>
  <p:internal-description></p:internal-description>
  <p:proglang version="8">java</p:proglang>
  <p:submission-restrictions max-size="10000">
    <p:file-restriction required="true" pattern-format="none">§(class)§.java</p:file-restriction>
    <p:file-restriction required="false" pattern-format="posix-ere">^/[^/]+\.java$</p:file-restriction>
  </p:submission-restrictions>
  <p:files>
    <p:file id="junitjar" used-by-grader="true" visible="no"><p:attached-bin-file>attachment/Grader.jar</p:attached-bin-file></p:file>
    §(#comment)§
    <p:file id="pmdcfg" used-by-grader="true" visible="no"><p:attached-txt-file encoding="UTF-8">attachment/ruleset1.xml</p:attached-txt-file></p:file>
    §(/comment)§
    <p:file id="template" used-by-grader="false" visible="yes"><p:attached-txt-file encoding="UTF-8">attachment/__class__.java</p:attached-txt-file></p:file>
    <p:file id="testdriver" used-by-grader="false" visible="no"><p:attached-txt-file encoding="UTF-8">attachment/Grader.java</p:attached-txt-file></p:file>
    <p:file id="policy" used-by-grader="true" visible="no">
    <p:embedded-txt-file filename="policy">
grantgrader {
    permission java.lang.RuntimePermission "accessDeclaredMembers";
};
grantsubmission {
    // none
};
    </p:embedded-txt-file>
    </p:file>
    <p:file id="ms1" used-by-grader="false" visible="no">
        <p:attached-bin-file>samplesolutions/correct/__class__.java</p:attached-bin-file>
    </p:file>
    <p:file id="ms2" used-by-grader="false" visible="no">
        <p:attached-bin-file>samplesolutions/wrong/__class__.java</p:attached-bin-file>
    </p:file>
  </p:files>
  <p:model-solutions>
    <p:model-solution id="correct">
        <p:filerefs>
            <p:fileref refid="ms1"/>
        </p:filerefs>
    </p:model-solution>
    <p:model-solution id="wrong">
        <p:filerefs>
            <p:fileref refid="ms2"/>
        </p:filerefs>
    </p:model-solution>
  </p:model-solutions>
  <p:tests>
    <p:test id="compile"><p:title>Compilation</p:title><p:test-type>java-compilation</p:test-type>
      <p:test-configuration/>
    </p:test>
    <p:test id="junit"><p:title>JUnit dynamic analysis</p:title><p:test-type>unittest</p:test-type>
      <p:test-configuration>
        <p:filerefs>
          <p:fileref refid="junitjar"/>
          <p:fileref refid="policy"/>
        </p:filerefs>
        <u:unittest framework="junit" version="4 with Graja customizations">
          <u:entry-point>dom.units.grader.Grader</u:entry-point>
        </u:unittest>
        <e:computingResources>
          <e:maxRuntimeSecondsWallclockTime>20</e:maxRuntimeSecondsWallclockTime>
          <e:maxDiscQuotaKib>20</e:maxDiscQuotaKib>
          <e:maxMemMib>64</e:maxMemMib>
        </e:computingResources>
      </p:test-configuration>
    </p:test>
    §(#comment)§
    <p:test id="pmd"><p:title>PMD static analysis</p:title><p:test-type>java-pmd</p:test-type>
      <p:test-configuration>
        <p:filerefs>
          <p:fileref refid="pmdcfg"/>
        </p:filerefs>
      </p:test-configuration>
    </p:test>
    §(/comment)§
  </p:tests>
  <p:grading-hints>
    <p:root function="sum">
      <p:test-ref ref="compile" weight="0.2">
        <p:title>Should successfully compile</p:title>
      </p:test-ref>
      <p:test-ref ref="junit" sub-ref="dom.units.grader.Grader#test" weight="0.6">
        <p:title>Should implement §(method)§.</p:title>
      </p:test-ref>
      §(#comment)§
      <p:test-ref ref="pmd" sub-ref="CommentRequired" weight="0.2">
        <p:title>Comments needed in front of methods and classes</p:title>
      </p:test-ref>
      §(/comment)§
    </p:root>
  </p:grading-hints>
  <p:meta-data>
        <e:assignmentMetaData>
            <e:assignmentId>dom.units</e:assignmentId>
            <e:grajaVersionCompatibility>2.0.0</e:grajaVersionCompatibility>
        </e:assignmentMetaData>
    </p:meta-data>
</p:task>
