<?xml version="1.0" ?>
<v:templateSpec xmlns:g="urn:graja:grade:v2.0.0" xmlns:v="urn:proforma:variability:v1.0">
  <v:varSpec>
    <v:combineGroup>
      <v:collect>
        <v:string>Units</v:string>
        <v:string>Convert</v:string>
        <v:string>Transform</v:string>
      </v:collect>
      <v:collectGroup>
        <v:combine>
          <v:string>toKnot</v:string>
          <v:string>km/h</v:string>
          <v:string>kn</v:string>
          <v:double>0.5399568034557235</v:double>
        </v:combine>
        <v:combine>
          <v:string>toKmh</v:string>
          <v:string>kn</v:string>
          <v:string>km/h</v:string>
          <v:double>1.852</v:double>
        </v:combine>
      </v:collectGroup>
      <v:collect>
        <v:boolean>true</v:boolean>
        <v:boolean>false</v:boolean>
      </v:collect>
      <v:derive aggregateType="value">
        <v:jsSource>function apply(obj) { return obj.comment ? 1.0 : 1.25; }</v:jsSource>
      </v:derive>
    </v:combineGroup>
    <v:cvp>
      <v:vp key="class" type="string"></v:vp>
      <v:vp key="method" type="string"></v:vp>
      <v:vp key="unit_a" type="string"></v:vp>
      <v:vp key="unit_b" type="string"></v:vp>
      <v:vp key="factor" accuracy="0.0" type="double"></v:vp>
      <v:vp key="comment" type="boolean"></v:vp>
      <v:vp key="weight" accuracy="0.0" type="double"></v:vp>
    </v:cvp>
  </v:varSpec>
  <v:defaultValue>
    <v:string>Units</v:string>
    <v:string>toKmh</v:string>
    <v:string>kn</v:string>
    <v:string>km/h</v:string>
    <v:double>1.852</v:double>
    <v:boolean>true</v:boolean>
    <v:double>1.0</v:double>
  </v:defaultValue>
  <v:matSpec>
    <v:matArtifacts>
      <v:matArtifact id="artifact_task_xml" artifactType="task-xml"></v:matArtifact>
      <v:matArtifact id="artifact_file_contents" artifactType="attached-txt-file-contents">
        <v:fileId>template</v:fileId>
        <v:path>samplesolutions/correct/__class__.java</v:path>
        <v:path>samplesolutions/wrong/__class__.java</v:path>
      </v:matArtifact>
      <v:matArtifact id="artifact_file_names" artifactType="file-names">
        <v:fileId>template</v:fileId>
        <v:path>samplesolutions/correct/__class__.java</v:path>
        <v:path>samplesolutions/wrong/__class__.java</v:path>
      </v:matArtifact>
      <v:matArtifact id="grading_hints_weights" artifactType="grading-hints-weights">
        <v:refs ref="compile" type="test"></v:refs>
        <v:refs ref="junit" subRef="dom.units.grader.Grader#test" type="test"></v:refs>
      </v:matArtifact>
    </v:matArtifacts>
    <v:matMethods>
      <v:matMethod id="method_mustache_default" methodType="mustache" prefix="§(" suffix=")§"></v:matMethod>
      <v:matMethod id="method_mustache_underscores" methodType="mustache" prefix="__" suffix="__">
        <v:restrictVp>class</v:restrictVp>
      </v:matMethod>
      <v:matMethod id="method_multiply_vp_value_by_factor" methodType="arithmetic-operation" operator="mul">
        <v:restrictVp>weight</v:restrictVp>
      </v:matMethod>
    </v:matMethods>
    <v:materializations>
      <v:materialization>
        <v:artifactId>artifact_task_xml</v:artifactId>
        <v:artifactId>artifact_file_contents</v:artifactId>
        <v:methodId>method_mustache_default</v:methodId>
      </v:materialization>
      <v:materialization>
        <v:artifactId>artifact_file_names</v:artifactId>
        <v:methodId>method_mustache_underscores</v:methodId>
      </v:materialization>
      <v:materialization>
        <v:artifactId>grading_hints_weights</v:artifactId>
        <v:methodId>method_multiply_vp_value_by_factor</v:methodId>
      </v:materialization>
    </v:materializations>
  </v:matSpec>
</v:templateSpec>
