<?xml version="1.0" ?>
<p:task xmlns:v="urn:proforma:variability:v1.0" xmlns:e="urn:graja:extendproforma:v2.0.0" xmlns:p="urn:proforma:v2.0.1" xmlns:u="urn:proforma:tests:unittest:v1.1" uuid="0667dd16-58ae-417a-b2ee-1ef4dfc63e49" lang="en">
  <p:title>Units</p:title>
  <p:description>
&lt;p&gt;Write a method &lt;code&gt;toKmh&lt;/code&gt; in the class &lt;code&gt;Units&lt;/code&gt; that converts a kn to a km/h value.&lt;/p&gt;
&lt;p&gt; Include javadoc comments with your methods. &lt;/p&gt;
&lt;p&gt;You should base your work on the prepared code template &lt;code&gt;Units.java&lt;/code&gt;.&lt;/p&gt;
</p:description>
  <p:internal-description></p:internal-description>
  <p:proglang version="8">java</p:proglang>
  <p:submission-restrictions max-size="10000">
    <p:file-restriction required="true" pattern-format="none">Units.java</p:file-restriction>
    <p:file-restriction required="false" pattern-format="posix-ere">^/[^/]+\.java$</p:file-restriction>
  </p:submission-restrictions>
  <p:files>
    <p:file id="junitjar" used-by-grader="true" visible="no">
      <p:attached-bin-file>attachment/Grader.jar</p:attached-bin-file>
    </p:file>
    <p:file id="pmdcfg" used-by-grader="true" visible="no">
      <p:attached-txt-file encoding="UTF-8">attachment/ruleset1.xml</p:attached-txt-file>
    </p:file>
    <p:file id="template" used-by-grader="false" visible="yes">
      <p:attached-txt-file encoding="UTF-8">attachment/Units.java</p:attached-txt-file>
    </p:file>
    <p:file id="testdriver" used-by-grader="false" visible="no">
      <p:attached-txt-file encoding="UTF-8">attachment/Grader.java</p:attached-txt-file>
    </p:file>
    <p:file id="policy" used-by-grader="true" visible="no">
      <p:embedded-txt-file filename="policy">
grantgrader {
    permission java.lang.RuntimePermission "accessDeclaredMembers";
};
grantsubmission {
    // none
};
    </p:embedded-txt-file>
    </p:file>
    <p:file id="ms1" used-by-grader="false" visible="no">
      <p:attached-bin-file>samplesolutions/correct/Units.java</p:attached-bin-file>
    </p:file>
    <p:file id="ms2" used-by-grader="false" visible="no">
      <p:attached-bin-file>samplesolutions/wrong/Units.java</p:attached-bin-file>
    </p:file>
  </p:files>
  <p:model-solutions>
    <p:model-solution id="correct">
      <p:filerefs>
        <p:fileref refid="ms1"></p:fileref>
      </p:filerefs>
    </p:model-solution>
    <p:model-solution id="wrong">
      <p:filerefs>
        <p:fileref refid="ms2"></p:fileref>
      </p:filerefs>
    </p:model-solution>
  </p:model-solutions>
  <p:tests>
    <p:test id="compile">
      <p:title>Compilation</p:title>
      <p:test-type>java-compilation</p:test-type>
      <p:test-configuration></p:test-configuration>
    </p:test>
    <p:test id="junit">
      <p:title>JUnit dynamic analysis</p:title>
      <p:test-type>unittest</p:test-type>
      <p:test-configuration>
        <p:filerefs>
          <p:fileref refid="junitjar"></p:fileref>
          <p:fileref refid="policy"></p:fileref>
        </p:filerefs>
        <u:unittest framework="junit" version="4 with Graja customizations">
          <u:entry-point>dom.units.grader.Grader</u:entry-point>
        </u:unittest>
        <e:computingResources>
          <e:maxRuntimeSecondsWallclockTime>20</e:maxRuntimeSecondsWallclockTime>
          <e:maxDiscQuotaKib>20</e:maxDiscQuotaKib>
          <e:maxMemMib>64</e:maxMemMib>
        </e:computingResources>
      </p:test-configuration>
    </p:test>
    <p:test id="pmd">
      <p:title>PMD static analysis</p:title>
      <p:test-type>java-pmd</p:test-type>
      <p:test-configuration>
        <p:filerefs>
          <p:fileref refid="pmdcfg"></p:fileref>
        </p:filerefs>
      </p:test-configuration>
    </p:test>
  </p:tests>
  <p:grading-hints>
    <p:root function="sum">
      <p:test-ref ref="compile" weight="0.2">
        <p:title>Should successfully compile</p:title>
      </p:test-ref>
      <p:test-ref ref="junit" sub-ref="dom.units.grader.Grader#test" weight="0.6">
        <p:title>Should implement toKmh.</p:title>
      </p:test-ref>
      <p:test-ref ref="pmd" sub-ref="CommentRequired" weight="0.2">
        <p:title>Comments needed in front of methods and classes</p:title>
      </p:test-ref>
    </p:root>
  </p:grading-hints>
  <p:meta-data>
    <e:assignmentMetaData>
      <e:assignmentId>dom.units</e:assignmentId>
      <e:grajaVersionCompatibility>2.0.0</e:grajaVersionCompatibility>
    </e:assignmentMetaData>
    <v:cvvp>
      <v:cvp>
        <v:vp key="class" type="string"></v:vp>
        <v:vp key="method" type="string"></v:vp>
        <v:vp key="unit_a" type="string"></v:vp>
        <v:vp key="unit_b" type="string"></v:vp>
        <v:vp key="factor" accuracy="0.0" type="double"></v:vp>
        <v:vp key="comment" type="boolean"></v:vp>
        <v:vp key="weight" accuracy="0.0" type="double"></v:vp>
      </v:cvp>
      <v:cv>
        <v:string>Units</v:string>
        <v:string>toKmh</v:string>
        <v:string>kn</v:string>
        <v:string>km/h</v:string>
        <v:double>1.852</v:double>
        <v:boolean>true</v:boolean>
        <v:double>1.0</v:double>
      </v:cv>
    </v:cvvp>
  </p:meta-data>
</p:task>
