<?xml version="1.0"?>
<ruleset name="Prozedurale Programmierung"
         xmlns="http://pmd.sourceforge.net/ruleset/2.0.0"
         xmlns:xsi="http://www.w3.org/2001/XMLSchema-instance"
         xsi:schemaLocation="http://pmd.sourceforge.net/ruleset/2.0.0 http://pmd.sourceforge.net/ruleset_2_0_0.xsd">
  	<rule ref="rulesets/java/comments.xml/CommentRequired">
  		<properties>
  			<property name="fieldCommentRequirement" value="Ignored"></property>
  		</properties>
  		<description>
  		Leading comments are required before a class and a (public or protected) method. 'headerCommentRequirement' means a missing 
  		comment in front of a class. 'publicMethodCommentRequirement' means a missing comment in front of a public method, and so on.
  		</description>
  	</rule>
</ruleset>
